{"cameraMode":{"drawMode":0,"name":"Shaded","section":"Shading Mode"},"sceneLighting":true,"audioPlay":false,"sceneViewState":{"showFog":true,"showMaterialUpdate":false,"showSkybox":true,"showFlares":true,"showImageEffects":true,"showParticleSystems":true},"in2DMode":false,"pivot":{"x":-0.13077950477600099,"y":1.046658992767334,"z":0.8572704792022705},"rotation":{"x":-0.065995953977108,"y":0.7511305809020996,"z":-0.07597854733467102,"w":-0.6524399518966675},"size":2.661552667617798,"orthographic":false}