{"cameraMode":{"drawMode":0,"name":"Shaded","section":"Shading Mode"},"sceneLighting":true,"audioPlay":false,"sceneViewState":{"showFog":true,"showMaterialUpdate":false,"showSkybox":true,"showFlares":true,"showImageEffects":true,"showParticleSystems":true},"in2DMode":false,"pivot":{"x":-6.409202575683594,"y":3.2222933769226076,"z":5.9920806884765629},"rotation":{"x":-0.05820799246430397,"y":0.9065202474594116,"z":-0.13312408328056336,"w":-0.39637497067451479},"size":10.898881912231446,"orthographic":false}